metric,value
Mean IBS,0.02429100552681706
Mean AUPRC,0.8016090596257528
